<?xml version="1.0" encoding="utf-8"?>
<Defs>
  
  <!-- ============================ Elder Thing Base ========================== -->
  
 
  <AlienRace.RaceSettings>
    <defName>ElderThing_Settings</defName>

		<pawnKindSettings>
		  <startingColonists>
			<li>
				<pawnKindEntries>
					<li>
						<kindDefs>
							<li>ElderThing_Colonist</li>
						</kindDefs>
						<chance>10.0</chance>
					</li>
				</pawnKindEntries>
				<factionDefs>
					<li>PlayerColony</li> 
				</factionDefs>
			</li>
		  </startingColonists>
		  <alienrefugeekinds>
			<li>
			  <kindDefs>
				<li>ElderThing_Refugee</li>
			  </kindDefs>
			  <chance>0.2</chance>
			</li>
		  </alienrefugeekinds>
		</pawnKindSettings>
  </AlienRace.RaceSettings>
 
  <AlienRace.ThingDef_AlienRace ParentName="BasePawn" Name="ElderThing_RaceBase">
	<defName>Alien_ElderThing_Race_Standard</defName>  
	<label>Elder Thing</label>
    <description>Sharing biological features similar to fungus, amphibians, and plantlike organisms, the five-sided barrel-shaped entities known simply as the Elder Things are hardy creatures that can survive in most temperatures, enter trance-like sleep nearly indefinitely, survive deep space flight, and aside from suffering violent trauma, are effectively immortal.\n\nFurther information: Elder Things are genderless creatures that reproduce asexually through spores that are raised by families of likeminded individuals rather than blood-relations. Their society is focused on large open spaces adorned by artwork and cylindrical furniture in pentagonal and other strange geometric structures. Due to advanced genetic engineering technology, they are responsible for the creation of the sentient slave protoplasmic race known as the Shoggoths, which turned against the Elder Things in centuries past and nearly destroyed their civilization. Even so, the Elder Things still rely on slave labor to maintain their decadent lifestyles and refuse to do labor that is beneath them.</description>
    <uiIconPath>Icons/IconElderThing</uiIconPath>
	<!-- Alien Race Settings -->
	<alienRace>
		<!-- General -->
		<generalSettings>
		  <immuneToAge>true</immuneToAge>
		  <allowHumanBios>false</allowHumanBios>
		  <canLayDown>true</canLayDown>
		  <validBeds>
		    <li>ET_Bed</li>
		  </validBeds>
		  <forcedRaceTraitEntries>
            <li>
              <defName>Gay</defName>
              <chance>0</chance>
            </li> 
			<li>
              <defName>Nudist</defName>
              <chance>0</chance>
            </li>            
			<li>
              <defName>DislikesMen</defName>
              <chance>0</chance>
            </li>            
			<li>
              <defName>DislikesWomen</defName>
              <chance>0</chance>
            </li>
		  </forcedRaceTraitEntries>
		  <alienPartGenerator>
			<customDrawSize>(1.5,1.5)</customDrawSize>
			<useGenderedHeads>false</useGenderedHeads>
			<alienbodytypes>
			  <li>Hulk</li>
			</alienbodytypes>
			  <alienskincolorgen Class="ColorGenerator_Options">
				<options>
				  <!-- Standard -->
				  <li>
					<weight>7</weight>
					<only>RGBA(1,1,1,1)</only>
				  </li>	 
				  <!-- Red -->
				  <li>
					<weight>5</weight>
					<only>RGBA(1,0.8,0.8,1)</only>
				  </li>	 				  
				  <!-- Blue -->
				  <li>
					<weight>7</weight>
					<only>RGBA(0.5,0.75,1,1)</only>
				  </li>
				  <!-- Green -->
				  <li>
					<weight>7</weight>
					<only>RGBA(0.6,1,0.6,1)</only>
				  </li>
				  <!-- Yellow -->
				  <li>
					<weight>5</weight>
					<only>RGBA(1.0,1.0,0.3,1)</only>
				  </li>
				  <!-- Dark -->
				  <li>
					<weight>3</weight>
					<only>RGBA(0.4,0.4,0.4,1)</only>
				  </li>
				</options>
			  </alienskincolorgen>
		  </alienPartGenerator>
		  <factionRelations>
			  <li>
			    <factions>
				  <li>ElderThing_Faction</li>
				</factions>
				<goodwill>
				  <min>60</min>
				  <max>80</max>
				</goodwill>
			  </li>
		  </factionRelations>
		</generalSettings>
		<!-- Graphics -->
		<graphicPaths>
		  <li>
			<body>ElderThing/Base/</body>
			<head/>	  
			<skeleton>ElderThing/Skeleton/ElderThingBarrel</skeleton>
			<skull/>
		  </li>
		</graphicPaths>
		<hairSettings>
		  <hasHair>false</hasHair>
		</hairSettings>
		<!-- Pawn Kinds -->
		<!-- Thoughts -->
		<thoughtSettings>
		  <butcherThoughtSpecific>
			<li>
			  <raceList>
				<li>Alien_ElderThing_Race_Standard</li>
			  </raceList> 
			  <thought>ET_AteElderThingMeatDirect</thought>
			  <knowThought>ET_KnowButcheredElderThingCorpse</knowThought>
			</li>
		  </butcherThoughtSpecific>
		  <ateThoughtSpecific>
			<li>
			  <raceList>
				<li>Alien_ElderThing_Race_Standard</li>
			  </raceList>
			  <thought>ET_AteElderThingMeatDirect</thought>
			  <ingredientThought>ET_AteElderThingMeatAsIngredient</ingredientThought>
			</li>
		  </ateThoughtSpecific>
		  <cannotReceiveThoughts>
			<li>Naked</li>
			<li>ButcheredHumanlikeCorpse</li>
			<li>KnowButcheredHumanlikeCorpse</li>
			<li>AteHumanlikeMeatDirect</li>
			<li>AteHumanlikeMeatAsIngredient</li>
			<li>AteInsectMeatDirect</li>
			<li>AteInsectMeatAsIngredient</li>
		  </cannotReceiveThoughts>
		  <replacerList>
		    <li>
			  <original>AteCorpse</original>
			  <replacer>ET_AteCorpse</replacer>
			</li>
		  </replacerList>
		</thoughtSettings>
		
		<!-- Relations -->
        <relationSettings>
            <relationChanceModifierChild>1</relationChanceModifierChild>
            <relationChanceModifierExLover>0.1</relationChanceModifierExLover>
            <relationChanceModifierExSpouse>0.0</relationChanceModifierExSpouse>
            <relationChanceModifierFiance>0.0</relationChanceModifierFiance>
            <relationChanceModifierLover>0.2</relationChanceModifierLover>
            <relationChanceModifierParent>1</relationChanceModifierParent>
            <relationChanceModifierSibling>1</relationChanceModifierSibling>
            <relationChanceModifierSpouse>0.0</relationChanceModifierSpouse>
			<renamer>
               <li>
                  <relation>Parent</relation>
                  <label>ElderThingsParent</label>
               </li>
               <li>
                  <relation>Child</relation>
                  <label>ElderThingsChild</label>
               </li>
			   <li>
			      <relation>Sibling</relation>
				  <label>ElderThingsSibling</label>
			   </li>
			   <li>
			      <relation>HalfSibling</relation>
				  <label>ElderThingsHalfSibling</label>
			   </li>
			   <li>
			     <relation>Grandparent</relation>
				 <label>ElderThingsGrandparent</label>
			   </li>
			   <li>
			     <relation>Grandchild</relation>
				 <label>ElderThingsGrandchild</label>
			   </li>
			   <li>
			     <relation>NephewOrNiece</relation>
				 <label>ElderThingsNephewOrNiece</label>
			   </li>
			   <li>
			     <relation>UncleOrAunt</relation>
				 <label>ElderThingsUncleOrAunt</label>
			   </li>
			   <li>
			     <relation>Cousin</relation>
				 <label>ElderThingsCousin</label>
			   </li>
			   <li>
			     <relation>GreatGrandparent</relation>
				 <label>ElderThingsGreatGrandparent</label>
			   </li>
			   <li>
			     <relation>GreatGrandchild</relation>
				 <label>ElderThingsGreatGrandchild</label>
			   </li>
			   <li>
			     <relation>GranduncleOrGrandaunt</relation>
				 <label>ElderThingsGranduncleOrGrandaunt</label>
			   </li>
			   <li>
			     <relation>GrandnephewOrGrandniece</relation>
				 <label>ElderThingsGrandnephewOrGrandniece</label>
			   </li>
			   <li>
			     <relation>Stepparent</relation>
				 <label>ElderThingsBrood</label>
			   </li>
			   <li>
			     <relation>ParentInLaw</relation>
				 <label>ElderThingsBrood</label>
			   </li>
			   <li>
			     <relation>ChildInLaw</relation>
				 <label>ElderThingsBrood</label>
			   </li>
			   <li>
			     <relation>Stepchild</relation>
				 <label>ElderThingsBrood</label>
			   </li>
			   <li>
			      <relation>Lover</relation>
				  <label>ElderThingsLover</label>
			   </li>
			   <li>
			      <relation>ExLover</relation>
				  <label>ElderThingsExLover</label>
			   </li>
            </renamer>			
        </relationSettings>
		
		<!-- Restrictions -->
		<raceRestriction>
		  <!-- Apparel
		  <apparelList>
			<li>Apparel_CowboyHat</li>
		  </apparelList>-->
		  <onlyUseRaceRestrictedApparel>true</onlyUseRaceRestrictedApparel>
		  <!-- Buildings -->
		  <buildingList>
			<li>ET_Chair</li>
			<li>ET_Bed</li>
			<li>ET_Console</li>
			<li>ET_BiogenesisVat</li>
		  </buildingList>
		  <onlyBuildRaceRestrictedBuildings>false</onlyBuildRaceRestrictedBuildings>
		  <!-- Research -->
		  <researchList>
			<li>
				<projects>
					<li>ElderThingLaserGun</li>
					<li>ElderThingBiogenesis</li>
				</projects>
			</li>
		  </researchList>
		</raceRestriction>
		
	</alienRace>
	<statBases>
      <MarketValue>2000</MarketValue>
	  <Mass>250</Mass>
      <MoveSpeed>4.20</MoveSpeed>
      <Flammability>0.15</Flammability>
      <PsychicSensitivity>0.25</PsychicSensitivity>
      <ToxicSensitivity>0.05</ToxicSensitivity>
	  <ArmorRating_Blunt>0.25</ArmorRating_Blunt>
      <ArmorRating_Sharp>0.35</ArmorRating_Sharp>
	  <MentalBreakThreshold>0.09</MentalBreakThreshold>
      <ComfyTemperatureMin>-52</ComfyTemperatureMin>
      <ComfyTemperatureMax>52</ComfyTemperatureMax>
	  <EatingSpeed>1.15</EatingSpeed>
      <LeatherAmount>50</LeatherAmount>
	  <MeatAmount>100</MeatAmount>
    </statBases>
    <tools>
	  <li>
        <label>arms</label>
        <capacities>
          <li>Blunt</li>
        </capacities>
        <power>7</power>
        <cooldownTime>1.4</cooldownTime>
        <linkedBodyPartsGroup>ElderThing_Arms</linkedBodyPartsGroup>
      </li>
	  <li>
        <label>overwhelming mind</label>
        <capacities>
          <li>ElderThing_Psychic</li>
        </capacities>
        <power>3</power>
        <cooldownTime>0.4</cooldownTime>
        <linkedBodyPartsGroup>ElderThing_Mind</linkedBodyPartsGroup>
      </li>
    </tools>
	<race>
	  <nameGenerator>NamerElderThings</nameGenerator>
	  <hasGenders>false</hasGenders>
      <thinkTreeMain>Humanlike</thinkTreeMain>
	  <thinkTreeConstant>HumanlikeConstant</thinkTreeConstant>
      <intelligence>Humanlike</intelligence>
	  <bloodDef>Filth_BloodElderThing</bloodDef>
      <meatLabel>compound-organism meat</meatLabel>
      <meatMarketValue>1.2</meatMarketValue>
      <makesFootprints>true</makesFootprints>
      <lifeExpectancy>27500</lifeExpectancy>
      <leatherDef>Leather_Lizard</leatherDef>
      <nameCategory>HumanStandard</nameCategory>
      <body>ElderThingsBody</body>
      <baseBodySize>1</baseBodySize>
      <baseHealthScale>1.5</baseHealthScale>
      <foodType>OmnivoreHuman</foodType>
      <gestationPeriodDays>45</gestationPeriodDays>
	  <baseHungerRate>0.3</baseHungerRate>
      <litterSizeCurve>
        <points>
          <li>(0.5, 0)</li>
          <li>(1, 1)</li>
          <li>(1.01, 0.02)</li>
          <li>(3.5, 0)</li>
        </points>
      </litterSizeCurve>
      <lifeStageAges>
        <li>
          <def>ElderThingPod</def>
          <minAge>0</minAge>
        </li>
        <li>
          <def>ElderThingSprout</def>
          <minAge>1.2</minAge>
        </li>
        <li>
          <def>ElderThingJuvenile</def>
          <minAge>4</minAge>
        </li>
        <li>
          <def>ElderThingReproductive</def>
          <minAge>13</minAge>
        </li>
        <li>
          <def>ElderThingFullyFormed</def>
          <minAge>18</minAge>
          <soundWounded>ElderThings_Wounded</soundWounded>
          <soundDeath>ElderThings_Death</soundDeath>
          <soundCall>ElderThings_Call</soundCall>		  
        </li>
      </lifeStageAges>
      <soundMeleeHitPawn>Pawn_Melee_Punch_HitPawn</soundMeleeHitPawn>
      <soundMeleeHitBuilding>Pawn_Melee_Punch_HitBuilding</soundMeleeHitBuilding>
      <soundMeleeMiss>Pawn_Melee_Punch_Miss</soundMeleeMiss>
      <specialShadowData>
        <volume>(0.3, 0.8, 0.4)</volume>
        <offset>(0,0,-0.3)</offset>
      </specialShadowData>
      <ageGenerationCurve>
        <points>
          <li>(14,0)</li>
          <li>(16,1)</li>
          <li>(200,10)</li>
          <li>(1100,20)</li>
          <li>(1700,25)</li>
          <li>(2000,50)</li>
          <li>(2500,80)</li>
          <li>(2750,0)</li>
        </points>
      </ageGenerationCurve>
	  <hediffGiverSets>
        <li>ET_ElderThingStandard</li>
      </hediffGiverSets>
    </race>
    <recipes>
      <li>InstallJoywire</li>
      <li>InstallPainstopper</li>	
	  <li>ET_InstallPegLeg</li>
      <li>ET_InstallPowerClaw</li>
      <li>ET_InstallBionicWing</li>
      <li>ET_InstallBionicArm</li>
      <li>ET_InstallBionicLeg</li>
      <li>ET_InstallNaturalHeartLung</li>
      <li>ET_InstallNaturalXylem</li>
      <li>ET_InstallNaturalPhloem</li>
      <li>ExciseCarcinoma</li>
      <li>RemoveBodyPart</li>
      <li>Euthanize</li>
    </recipes>
  </AlienRace.ThingDef_AlienRace>

  <!-- Pawn Kind Defs -->
  
  <!-- Abstracts -->
  
  <PawnKindDef Name="ElderThing_KindBaseInit" Abstract="True">
    <defaultFactionType>ElderThing_Faction</defaultFactionType>
    <race>Alien_ElderThing_Race_Standard</race>
    <backstoryCategories><li>ElderThing_Backstory</li></backstoryCategories>
	<chemicalAddictionChance>0.001</chemicalAddictionChance>
    <baseRecruitDifficulty>0.95</baseRecruitDifficulty>
    <apparelAllowHeadgearChance>0</apparelAllowHeadgearChance>
  </PawnKindDef>
  
  <PawnKindDef Name="ElderThing_KindBase" ParentName="ElderThing_KindBaseInit" Abstract="True">
    <label>Elder Thing</label>
    <combatPower>80</combatPower>
    <aiAvoidCover>true</aiAvoidCover>
  </PawnKindDef>

  <!-- Definitions -->
  
  <PawnKindDef ParentName="ElderThing_KindBase">
    <defName>ElderThing_Kind</defName>
  </PawnKindDef>
  
  
  <PawnKindDef ParentName="ElderThing_KindBase">
    <defName>ElderThing_Guard</defName>
	<label>biothreat manager</label>
    <weaponMoney>
      <min>9900</min>
      <max>9900</max>
    </weaponMoney>
    <weaponTags>
      <li>ElderThingGun</li>
    </weaponTags>	
  </PawnKindDef>  
  
  <PawnKindDef ParentName="ElderThing_KindBase">
    <defName>ElderThing_Trader</defName>
	<label>salesmonger</label>
	<trader>true</trader>
  </PawnKindDef>  
  
  <PawnKindDef ParentName="ElderThing_KindBase">
    <defName>ElderThing_Leader</defName>
	<factionLeader>true</factionLeader>
    <weaponMoney>
      <min>9900</min>
      <max>9900</max>
    </weaponMoney>
    <weaponTags>
      <li>ElderThingGun</li>
    </weaponTags>		
  </PawnKindDef>
  
  <PawnKindDef ParentName="ElderThing_KindBase">
	<defName>ElderThing_Colonist</defName>
    <defaultFactionType>PlayerColony</defaultFactionType>
  </PawnKindDef>

  <PawnKindDef ParentName="ElderThing_KindBase">
	<defName>ElderThing_Refugee</defName>
  </PawnKindDef>
  
  
</Defs>
